sequence,chem_comp_ID,X_shift,Y_shift,X_atom_name,Y_atom_name
4,SER,7.91,116.174,H,N
5,ASP,8.458,122.006,H,N
6,LEU,7.715,117.42,H,N
7,ASP,7.547,120.662,H,N
8,VAL,8.28,123.491,H,N
9,ASN,9.326,128.423,H,N
10,THR,7.09,111.124,H,N
11,ASP,8.043,122.465,H,N
12,ILE,8.708,121.29,H,N
13,TYR,7.988,122.755,H,N
14,SER,8.79,117.446,H,N
15,LYS,7.656,120.255,H,N
16,VAL,8.686,123.442,H,N
17,LEU,8.625,121.802,H,N
18,VAL,8.635,117.432,H,N
19,THR,8.046,118.827,H,N
20,ALA,7.723,120.343,H,N
21,ILE,8.411,119.093,H,N
22,TYR,8.344,117.994,H,N
23,LEU,8.906,119.973,H,N
29,GLY,8.672,108.764,H,N
30,THR,8.327,110.767,H,N
31,VAL,8.884,128.669,H,N
35,VAL,8.94,120.903,H,N
41,ALA,7.942,118.803,H,N
80,ILE,8.516,118.446,H,N
81,TRP,8.035,116.235,H,N
82,VAL,7.97,121.153,H,N
86,TRP,9.13,122.797,H,N
87,ALA,8.954,131.158,H,N
89,GLY,8.851,107.87,H,N
91,ALA,9.287,120.651,H,N
92,GLY,7.774,104.252,H,N
93,CYS,8.106,120.922,H,N
94,LYS,8.203,117.155,H,N
95,GLY,9.037,105.334,H,N
127,LYS,8.062,120.412,H,N
128,ALA,8.459,121.362,H,N
159,MET,6.784,116.804,H,N
160,GLY,8.554,107.872,H,N
161,LEU,8.485,117.855,H,N
162,GLN,8.965,122.632,H,N
163,ASN,8.957,122.335,H,N
164,LEU,8.447,126.805,H,N
165,SER,8.518,115.77,H,N
166,GLY,8.279,106.603,H,N
167,ASP,7.855,117.105,H,N
168,GLY,7.862,109.564,H,N
169,THR,8.033,113.67,H,N
172,GLY,10.395,109.825,H,N
173,GLY,8.278,108.624,H,N
174,LEU,6.877,122.083,H,N
175,VAL,9.025,119.78,H,N
176,CYS,8.647,121.388,H,N
177,THR,9.143,126.547,H,N
179,ILE,8.93,117.325,H,N
180,VAL,6.889,111.626,H,N
181,ASP,8.386,119.264,H,N
182,THR,8.566,117.02,H,N
183,ALA,8.423,123.743,H,N
184,THR,7.924,117.517,H,N
185,LEU,8.232,121.764,H,N
186,ARG,8.85,117.73,H,N
187,VAL,7.317,118.006,H,N
188,VAL,7.575,119.619,H,N
222,ALA,8.219,121.696,H,N
246,ILE,7.694,122.173,H,N
247,GLU,8.592,127.162,H,N
249,GLY,8.672,105.378,H,N
282,PHE,8.305,117.339,H,N
283,VAL,7.497,105.006,H,N
284,TYR,8.672,120.633,H,N
285,ILE,7.58,120.918,H,N
286,SER,8.55,126.237,H,N
287,ASP,8.685,121.506,H,N
288,GLU,9.098,116.357,H,N
289,GLN,7.881,117.58,H,N
290,TRP,7.339,119.608,H,N
291,THR,7.349,115.035,H,N
292,THR,7.996,116.84,H,N
293,ALA,7.741,122.066,H,N
294,LEU,8.015,121.217,H,N
295,PHE,9.26,123.485,H,N
296,ASP,9.358,123.396,H,N
297,PHE,8.911,122.35,H,N
298,TYR,9.409,120.225,H,N
299,HIS,7.454,115.454,H,N
300,TYR,7.758,122.105,H,N
301,PHE,9.166,121.711,H,N
302,TYR,9.099,123.749,H,N
303,MET,7.035,116.644,H,N
304,LEU,7.092,115.546,H,N
325,ALA,7.973,119.911,H,N
326,ASN,7.766,116.329,H,N
336,ALA,7.994,119.901,H,N
337,CYS,7.63,116.761,H,N
343,ARG,8.296,123.43,H,N
344,GLU,8.433,119.284,H,N
345,LEU,7.912,119.884,H,N
346,GLU,8.124,119.419,H,N
347,VAL,7.637,116.842,H,N
348,LEU,7.76,121.638,H,N
349,PHE,7.76,117.233,H,N
350,GLN,7.538,125.289,H,N
